{
  "1": {
    "logistic": {
      "accuracy": 0.8043478260869565,
      "precision": 0.717948717948718,
      "recall": 0.9180327868852459,
      "f1": 0.8057553956834532,
      "roc_auc": 0.9018522461145412,
      "log_loss": 0.4564589374567414
    },
    "xgboost": {
      "accuracy": 0.8768115942028986,
      "precision": 0.8235294117647058,
      "recall": 0.9180327868852459,
      "f1": 0.8682170542635659,
      "roc_auc": 0.9090909090909092,
      "log_loss": 0.517793344914208
    },
    "lightgbm": {
      "accuracy": 0.8478260869565217,
      "precision": 0.803030303030303,
      "recall": 0.8688524590163934,
      "f1": 0.8346456692913385,
      "roc_auc": 0.9067489887162018,
      "log_loss": 1.0163556393314312
    },
    "catboost": {
      "accuracy": 0.8405797101449275,
      "precision": 0.7746478873239436,
      "recall": 0.9016393442622951,
      "f1": 0.8333333333333334,
      "roc_auc": 0.9131360442835852,
      "log_loss": 0.5131161805947722
    },
    "mlp": {
      "accuracy": 0.7608695652173914,
      "precision": 0.6842105263157895,
      "recall": 0.8524590163934426,
      "f1": 0.7591240875912408,
      "roc_auc": 0.8475622737917821,
      "log_loss": 1.9675674617044314
    }
  },
  "2": {
    "logistic": {
      "accuracy": 0.8188405797101449,
      "precision": 0.725,
      "recall": 0.9508196721311475,
      "f1": 0.8226950354609929,
      "roc_auc": 0.9122844368746007,
      "log_loss": 0.42389956644905297
    },
    "xgboost": {
      "accuracy": 0.8405797101449275,
      "precision": 0.7746478873239436,
      "recall": 0.9016393442622951,
      "f1": 0.8333333333333334,
      "roc_auc": 0.931232701724505,
      "log_loss": 0.49709110153680075
    },
    "lightgbm": {
      "accuracy": 0.8260869565217391,
      "precision": 0.7761194029850746,
      "recall": 0.8524590163934426,
      "f1": 0.8125,
      "roc_auc": 0.9248456461571216,
      "log_loss": 1.0629975298765804
    },
    "catboost": {
      "accuracy": 0.8333333333333334,
      "precision": 0.7567567567567568,
      "recall": 0.9180327868852459,
      "f1": 0.8296296296296296,
      "roc_auc": 0.9261230572705983,
      "log_loss": 0.5014920335490506
    },
    "mlp": {
      "accuracy": 0.8188405797101449,
      "precision": 0.7432432432432432,
      "recall": 0.9016393442622951,
      "f1": 0.8148148148148148,
      "roc_auc": 0.8935490738769427,
      "log_loss": 1.412802260616922
    }
  },
  "3": {
    "logistic": {
      "accuracy": 0.8115942028985508,
      "precision": 0.7215189873417721,
      "recall": 0.9344262295081968,
      "f1": 0.8142857142857143,
      "roc_auc": 0.9201618054077071,
      "log_loss": 0.401271834264189
    },
    "xgboost": {
      "accuracy": 0.8623188405797102,
      "precision": 0.8088235294117647,
      "recall": 0.9016393442622951,
      "f1": 0.8527131782945736,
      "roc_auc": 0.9156908665105387,
      "log_loss": 0.5391194291819909
    },
    "lightgbm": {
      "accuracy": 0.8623188405797102,
      "precision": 0.8088235294117647,
      "recall": 0.9016393442622951,
      "f1": 0.8527131782945736,
      "roc_auc": 0.918245688737492,
      "log_loss": 1.0289790624312318
    },
    "catboost": {
      "accuracy": 0.8623188405797102,
      "precision": 0.8088235294117647,
      "recall": 0.9016393442622951,
      "f1": 0.8527131782945736,
      "roc_auc": 0.9208005109644454,
      "log_loss": 0.5181290619211417
    },
    "mlp": {
      "accuracy": 0.8405797101449275,
      "precision": 0.7671232876712328,
      "recall": 0.9180327868852459,
      "f1": 0.835820895522388,
      "roc_auc": 0.8916329572067276,
      "log_loss": 1.7764352486670674
    }
  },
  "4": {
    "logistic": {
      "accuracy": 0.8260869565217391,
      "precision": 0.7402597402597403,
      "recall": 0.9344262295081968,
      "f1": 0.8260869565217391,
      "roc_auc": 0.9263359591228444,
      "log_loss": 0.3702628956648446
    },
    "xgboost": {
      "accuracy": 0.8623188405797102,
      "precision": 0.8088235294117647,
      "recall": 0.9016393442622951,
      "f1": 0.8527131782945736,
      "roc_auc": 0.925697253566106,
      "log_loss": 0.5113265489572745
    },
    "lightgbm": {
      "accuracy": 0.855072463768116,
      "precision": 0.8059701492537313,
      "recall": 0.8852459016393442,
      "f1": 0.84375,
      "roc_auc": 0.9184585905897382,
      "log_loss": 1.02603587481821
    },
    "catboost": {
      "accuracy": 0.8478260869565217,
      "precision": 0.7857142857142857,
      "recall": 0.9016393442622951,
      "f1": 0.8396946564885496,
      "roc_auc": 0.9212263146689377,
      "log_loss": 0.5206840487959024
    },
    "mlp": {
      "accuracy": 0.8043478260869565,
      "precision": 0.7428571428571429,
      "recall": 0.8524590163934426,
      "f1": 0.7938931297709924,
      "roc_auc": 0.89589099425165,
      "log_loss": 1.5668176207205406
    }
  },
  "5": {
    "logistic": {
      "accuracy": 0.8115942028985508,
      "precision": 0.7160493827160493,
      "recall": 0.9508196721311475,
      "f1": 0.8169014084507042,
      "roc_auc": 0.916542473919523,
      "log_loss": 0.411888192907257
    },
    "xgboost": {
      "accuracy": 0.8478260869565217,
      "precision": 0.7941176470588235,
      "recall": 0.8852459016393442,
      "f1": 0.8372093023255814,
      "roc_auc": 0.9237811368958909,
      "log_loss": 0.544375521100532
    },
    "lightgbm": {
      "accuracy": 0.855072463768116,
      "precision": 0.8059701492537313,
      "recall": 0.8852459016393442,
      "f1": 0.84375,
      "roc_auc": 0.9178198850329998,
      "log_loss": 1.0558291412220477
    },
    "catboost": {
      "accuracy": 0.8405797101449275,
      "precision": 0.7746478873239436,
      "recall": 0.9016393442622951,
      "f1": 0.8333333333333334,
      "roc_auc": 0.9122844368746008,
      "log_loss": 0.5678331287636726
    },
    "mlp": {
      "accuracy": 0.7971014492753623,
      "precision": 0.72,
      "recall": 0.8852459016393442,
      "f1": 0.7941176470588235,
      "roc_auc": 0.8942942303598042,
      "log_loss": 2.0190639362772025
    }
  }
}