{
  "australian_credit_approval": {
    "train_rows": 552,
    "test_rows": 138,
    "train_label_counts": {
      "0": 306,
      "1": 246
    },
    "generators": {
      "sync_gaussian_copula.csv": {
        "label_counts": {
          "0": 319,
          "1": 233
        },
        "metrics": {
          "logistic": {
            "accuracy": 0.7681159420289855,
            "precision_macro": 0.7743636780554919,
            "recall_macro": 0.754737066212476,
            "f1_macro": 0.7581599123767799,
            "roc_auc_macro_ovr": 0.8724717905045775,
            "log_loss": 0.48109880892472073
          },
          "xgboost": {
            "accuracy": 0.7101449275362319,
            "precision_macro": 0.7194614443084455,
            "recall_macro": 0.6908665105386417,
            "f1_macro": 0.6914132379248659,
            "roc_auc_macro_ovr": 0.8041302959335747,
            "log_loss": 0.6445892164643878
          },
          "lightgbm": {
            "accuracy": 0.7101449275362319,
            "precision_macro": 0.728049728049728,
            "recall_macro": 0.6874600809027038,
            "f1_macro": 0.6863636363636363,
            "roc_auc_macro_ovr": 0.7964658292527145,
            "log_loss": 0.7480549192909381
          },
          "catboost": {
            "accuracy": 0.7463768115942029,
            "precision_macro": 0.7594294003868471,
            "recall_macro": 0.7284436874600808,
            "f1_macro": 0.7309941520467835,
            "roc_auc_macro_ovr": 0.8209495422610178,
            "log_loss": 0.5905773404563606
          },
          "mlp": {
            "accuracy": 0.7028985507246377,
            "precision_macro": 0.6987179487179487,
            "recall_macro": 0.6979987225888865,
            "f1_macro": 0.6983204478805651,
            "roc_auc_macro_ovr": 0.7836917181179477,
            "log_loss": 1.4258345762798652
          }
        }
      },
      "sync_sdv_ctgan.csv": {
        "label_counts": {
          "0": 302,
          "1": 250
        },
        "metrics": {
          "logistic": {
            "accuracy": 0.5869565217391305,
            "precision_macro": 0.6390625,
            "recall_macro": 0.5378965296998084,
            "f1_macro": 0.4595671590518722,
            "roc_auc_macro_ovr": 0.37172663402171596,
            "log_loss": 0.7125341268764704
          },
          "xgboost": {
            "accuracy": 0.5797101449275363,
            "precision_macro": 0.5693035835023665,
            "recall_macro": 0.5654673195656802,
            "f1_macro": 0.5642421602787456,
            "roc_auc_macro_ovr": 0.5573770491803278,
            "log_loss": 0.8627360526418186
          },
          "lightgbm": {
            "accuracy": 0.572463768115942,
            "precision_macro": 0.5604166666666667,
            "recall_macro": 0.5555673834362359,
            "f1_macro": 0.5527110915783113,
            "roc_auc_macro_ovr": 0.5301256120928253,
            "log_loss": 1.0080591611145993
          },
          "catboost": {
            "accuracy": 0.5869565217391305,
            "precision_macro": 0.5763157894736842,
            "recall_macro": 0.5617415371513732,
            "f1_macro": 0.5511042629686698,
            "roc_auc_macro_ovr": 0.5546093251011283,
            "log_loss": 0.7982187602131815
          },
          "mlp": {
            "accuracy": 0.5434782608695652,
            "precision_macro": 0.5204248366013071,
            "recall_macro": 0.5159676389184586,
            "f1_macro": 0.49928007832747795,
            "roc_auc_macro_ovr": 0.49031296572280175,
            "log_loss": 2.274704490182653
          }
        }
      },
      "sync_sdv_tvae.csv": {
        "label_counts": {
          "0": 333,
          "1": 219
        },
        "metrics": {
          "logistic": {
            "accuracy": 0.7246376811594203,
            "precision_macro": 0.7287671232876712,
            "recall_macro": 0.7311049606131573,
            "f1_macro": 0.7244061383224721,
            "roc_auc_macro_ovr": 0.8484138812007664,
            "log_loss": 1.0802767642178892
          },
          "xgboost": {
            "accuracy": 0.8260869565217391,
            "precision_macro": 0.8246794198023965,
            "recall_macro": 0.828826910794124,
            "f1_macro": 0.8251689189189189,
            "roc_auc_macro_ovr": 0.9022780498190334,
            "log_loss": 0.5271378620236143
          },
          "lightgbm": {
            "accuracy": 0.8333333333333334,
            "precision_macro": 0.832563025210084,
            "recall_macro": 0.8370236321055993,
            "f1_macro": 0.8326214206612879,
            "roc_auc_macro_ovr": 0.9041941664892484,
            "log_loss": 1.0469495664809318
          },
          "catboost": {
            "accuracy": 0.8333333333333334,
            "precision_macro": 0.832563025210084,
            "recall_macro": 0.8370236321055993,
            "f1_macro": 0.8326214206612879,
            "roc_auc_macro_ovr": 0.9146263572493081,
            "log_loss": 0.49192522731595567
          },
          "mlp": {
            "accuracy": 0.7463768115942029,
            "precision_macro": 0.7434543918918919,
            "recall_macro": 0.7454758356397702,
            "f1_macro": 0.7441059602649007,
            "roc_auc_macro_ovr": 0.815839897807111,
            "log_loss": 4.2291892123275705
          }
        }
      },
      "sync_synthcity_ddpm.csv": {
        "label_counts": {
          "0": 317,
          "1": 235
        },
        "metrics": {
          "logistic": {
            "accuracy": 0.7681159420289855,
            "precision_macro": 0.7666596594492328,
            "recall_macro": 0.7700659995741963,
            "f1_macro": 0.7668918918918919,
            "roc_auc_macro_ovr": 0.843730040451352,
            "log_loss": 0.5718402748401844
          },
          "xgboost": {
            "accuracy": 0.717391304347826,
            "precision_macro": 0.7179545454545455,
            "recall_macro": 0.7041728763040238,
            "f1_macro": 0.7061425061425062,
            "roc_auc_macro_ovr": 0.804981903342559,
            "log_loss": 0.8130238551389136
          },
          "lightgbm": {
            "accuracy": 0.7463768115942029,
            "precision_macro": 0.7434543918918919,
            "recall_macro": 0.7454758356397702,
            "f1_macro": 0.7441059602649007,
            "roc_auc_macro_ovr": 0.8536299765807962,
            "log_loss": 0.7319691256978922
          },
          "catboost": {
            "accuracy": 0.7246376811594203,
            "precision_macro": 0.7212475633528265,
            "recall_macro": 0.717479242069406,
            "f1_macro": 0.7187298862904956,
            "roc_auc_macro_ovr": 0.797423887587822,
            "log_loss": 0.7056358177077782
          },
          "mlp": {
            "accuracy": 0.7681159420289855,
            "precision_macro": 0.765079365079365,
            "recall_macro": 0.7666595699382585,
            "f1_macro": 0.765704584040747,
            "roc_auc_macro_ovr": 0.8528848200979349,
            "log_loss": 1.1360298468508787
          }
        }
      },
      "sync_tabpfn.csv": {
        "label_counts": {
          "0": 306,
          "1": 246
        },
        "metrics": {
          "logistic": {
            "accuracy": 0.5797101449275363,
            "precision_macro": 0.5720353982300885,
            "recall_macro": 0.5433255269320842,
            "f1_macro": 0.5101591187270502,
            "roc_auc_macro_ovr": 0.5322546306152863,
            "log_loss": 0.691188658943242
          },
          "xgboost": {
            "accuracy": 0.572463768115942,
            "precision_macro": 0.5648706896551725,
            "recall_macro": 0.5640834575260805,
            "f1_macro": 0.5642027511641599,
            "roc_auc_macro_ovr": 0.5667447306791569,
            "log_loss": 0.8125930339953518
          },
          "lightgbm": {
            "accuracy": 0.5652173913043478,
            "precision_macro": 0.5592931658505429,